Year,Region,Continent,Business,Technology,Data Science,Overall Rank,Population,Female_enrollment,Overall Rank Business,Overall Rank Technology,Overall Rank Data Science,Accounting,Communications,Entrepreneurship,Finance,Human Resources,Leadership,Marketing,Sales,"Strategy &
Operations",Cloud Computing,Computer Networking,Computer Programming,Databases,Mobile Development,Operating Systems,Security Engineering,Software Engineering,Theoretical Computer Science,Web Development,Data Analysis,Data Management,Data Visualization,Machine Learning,Mathematics,Probability & Statistics,Statistical Programming
2021,Botswana,Sub saharan,0.92,0.05,0.05,90,7884.75,27,9,103,103,0.97,0.46,0.94,0.38,0.14,0.96,0.65,0.8,0.96,0.23,0.05,0.04,0.1,0.07,0.46,0.41,0.14,0.07,0.03,0.29,0.17,0.71,0.08,0.06,0.19,0.03
2021,Cameroon,Sub saharan,0.94,0.75,0.64,19,15823.77,14,7,28,38,0.73,0.69,0.96,0.53,0.15,0.9,0.97,0.99,0.96,0.4,0.94,0.42,0.71,0.98,0.59,0.74,0.38,0.33,0.73,0.68,0.52,1,0.49,0.29,0.59,0.49
2021,Ethiopia,Sub saharan,0.32,0.81,0.35,58,37827.38,11,74,21,70,0.39,0.62,0.37,0.15,0.05,0.52,0.23,0.74,0.73,0.46,1,0.39,0.67,0.52,0.96,0.99,0.29,0.39,0.36,0.15,0.09,0.63,0.47,0.39,0.52,0.19
2021,Ghana,Sub saharan,0.77,0.29,0.13,73,52656.48,11,26,76,95,0.78,0.56,0.7,0.58,0.47,0.83,0.71,0.87,0.8,0.21,0.89,0.08,0.07,0.33,0.53,0.94,0.26,0.15,0.29,0.56,0.16,0.87,0.23,0.14,0.2,0.13
2021,Kenya,Sub saharan,0.69,0.22,0.19,77,70877.88,19,35,84,88,0.65,0.38,0.88,0.42,0.23,0.81,0.77,0.93,0.79,0.28,0.65,0.11,0.19,0.09,0.35,0.63,0.41,0.24,0.32,0.3,0.26,0.66,0.29,0.21,0.32,0.11
2021,Nigeria,Sub saharan,0.87,0.15,0.08,80,13507.42,1,15,92,100,0.38,0.97,0.98,0.26,0.81,0.95,0.66,0.88,0.72,0.2,0.37,0.04,0.09,0.17,0.24,0.75,0.63,0.04,0.39,0.5,0.27,0.62,0.15,0.05,0.25,0.04
2021,Rwanda,Sub saharan,0.78,0.2,0.4,66,12169.64,25,25,87,64,0.71,0.51,0.73,0.22,0.86,0.93,0.4,0.56,1,0.59,0.18,0.28,0.15,0.81,0.04,0.49,0.19,0.18,0.22,0.38,0.33,0.83,0.43,0.23,0.47,0.53
2021,Sierra Leone,Sub saharan,0.41,0.02,0.04,105,,,65,107,104,0.99,0.49,0.46,0.27,0.7,0.62,0.07,0.3,0.32,0.03,0.11,0.03,0.12,0.03,0.08,0.24,0.15,0.02,0.02,0.7,0.47,0.28,0.04,0.01,0.46,0.02
2021,Somalia,Sub saharan,0.01,0.01,0.01,108,15234.24,8,108,108,108,0.07,0.08,0.01,0.01,0.02,0.08,0.01,0.14,0.3,0.04,0.47,0.01,0.02,0.02,0.01,0.19,0.04,0.01,0.27,0.05,0.01,0.99,0.01,0.02,0.04,0.04
2021,South Africa,Sub saharan,0.66,0.58,0.51,42,133282.24,33,38,46,52,0.72,0.37,0.57,0.54,0.24,0.67,0.75,0.89,0.71,0.54,0.63,0.36,0.48,0.5,0.56,0.71,0.5,0.63,0.77,0.37,0.63,0.94,0.51,0.54,0.39,0.26
2021,Uganda,Sub saharan,0.96,0.55,0.31,37,13931.02,15,5,49,74,0.92,0.79,0.93,0.47,0.89,0.96,0.56,0.78,0.93,0.19,0.95,0.24,0.16,0.35,0.96,0.96,0.24,0.36,0.46,0.32,0.44,0.91,0.21,0.2,0.63,0.25
2021,United States,North America,0.64,0.69,0.73,29,3619021.38,32,40,35,30,0.98,0.07,0.17,0.41,0.6,0.4,0.84,0.91,0.63,0.37,0.7,0.75,0.63,0.62,0.12,0.55,0.92,0.6,0.98,0.55,0.82,0.81,0.77,0.56,0.79,0.58
2021,United States : West,North America,0.56,0.98,0.89,,,,,,,0.96,0.12,0.12,0.44,0.67,0.38,0.83,0.81,0.64,0.45,0.67,0.91,0.83,0.74,0.07,0.52,0.98,0.8,1,0.54,0.95,0.95,0.93,0.72,0.88,0.78
2021,United States : Midwest,North America,0.97,0.46,0.67,,,,,,,1,0.15,0.72,0.57,0.79,0.88,1,1,0.85,0.41,0.77,0.58,0.23,0.43,0.09,0.51,0.76,0.48,0.21,0.65,0.77,0.73,0.71,0.47,0.83,0.51
2021,United States : Northeast,North America,0.27,0.6,0.71,,,,,,,0.87,0.02,0.04,0.4,0.34,0.16,0.63,0.62,0.4,0.35,0.66,0.74,0.94,0.63,0.13,0.58,0.87,0.69,0.38,0.47,0.88,0.7,0.74,0.68,0.76,0.57
2021,United States : South,North America,0.4,0.41,0.57,,,,,,,0.93,0.04,0.1,0.3,0.54,0.31,0.68,0.79,0.51,0.3,0.73,0.54,0.29,0.51,0.11,0.62,0.83,0.4,0.18,0.53,0.68,0.67,0.58,0.34,0.66,0.46
2021,Canada,North America,0.11,0.67,0.7,55,566099.17,38,97,37,33,0.56,0.29,0.08,0.02,0.51,0.64,0.02,0.38,0.58,0.55,0.86,0.71,0.47,0.61,0.31,0.71,0.84,0.62,0.52,0.62,0.78,0.93,0.68,0.62,0.57,0.54
2021,Algeria,Middle East,0.04,0.31,0.21,95,66768.08,28,104,74,85,0.01,0.4,0.04,0.06,0.48,0.12,0.12,0.13,0.18,0.5,0.64,0.29,0.14,0.32,0.23,0.6,0.16,0.38,0.45,0.2,0.19,0.89,0.33,0.36,0.22,0.21
2021,Egypt,Middle East,0.58,0.44,0.54,53,414468.67,19,47,61,49,0.51,0.88,0.59,0.16,0.88,0.7,0.44,0.45,0.71,0.08,0.41,0.29,0.33,0.96,0.27,0.54,0.7,0.57,0.63,0.81,0.54,0.85,0.45,0.61,0.45,0.27
2021,Iraq,Middle East,0.26,0.03,0.06,103,38160.15,24,80,106,102,0.05,0.81,0.49,0.04,0.98,0.48,0.03,0.16,0.22,0.06,0.22,0.05,0.01,0.04,0.04,0.23,0.07,0.16,0.01,0.1,0.04,0.51,0.11,0.12,0.16,0.07
2021,Israel,Middle East,0.25,0.74,0.8,38,76603.32,32,81,29,22,0.21,0.3,0.09,0.74,0.68,0.21,0.36,0.29,0.13,0.49,0.48,0.72,0.81,0.24,0.7,0.87,0.69,0.95,0.47,0.19,0.58,0.68,0.94,0.85,0.88,0.6
2021,Jordan,Middle East,0.74,0.28,0.25,71,37466.76,27,29,78,81,0.94,0.41,0.63,0.46,0.78,0.78,0.52,0.7,0.7,0.14,0.23,0.15,0.06,0.13,0.2,0.95,0.44,0.45,0.33,0.46,0.24,0.29,0.41,0.31,0.29,0.06
2021,Kuwait,Middle East,0.81,0.43,0.32,54,13968.9,26,21,62,73,0.89,0.55,0.84,0.79,0.65,0.8,0.54,0.69,0.81,0.13,0.34,0.19,0.75,0.47,0.82,0.92,0.63,0.56,0.29,0.34,0.42,0.23,0.39,0.63,0.3,0.18
2021,Lebanon,Middle East,0.9,0.32,0.33,59,50891.34,41,11,73,72,0.76,0.71,0.9,0.82,0.37,0.84,0.88,0.83,0.84,0.27,0.63,0.21,0.25,0.19,0.36,0.36,0.45,0.43,0.62,0.36,0.23,0.27,0.36,0.45,0.38,0.21
2021,Morocco,Middle East,0.39,0.35,0.36,75,130022.8,18,66,70,69,0.12,0.67,0.46,0.38,0.63,0.63,0.27,0.28,0.75,0.34,0.5,0.23,0.17,0.63,0.29,0.38,0.36,0.47,0.44,0.23,0.46,0.76,0.46,0.43,0.27,0.12
2021,Oman,Middle East,0.38,0.24,0.1,88,20143.11,51,67,82,98,0.48,0.35,0.64,0.39,0.43,0.55,0.2,0.42,0.67,0.31,0.17,0.09,0.63,0.05,0.91,0.88,0.21,0.34,0.21,0.14,0.2,0.54,0.29,0.19,0.07,0.13
2021,Qatar,Middle East,0.82,0.45,0.27,56,19988.1,27,20,60,79,0.85,0.53,0.74,0.52,0.66,0.79,0.73,0.71,0.92,0.32,0.79,0.22,0.2,0.57,0.69,0.81,0.53,0.38,0.26,0.45,0.39,0.35,0.34,0.42,0.21,0.14
2021,Saudi Arabia,Middle East,0.88,0.54,0.18,52,84424.08,13,13,50,89,0.55,0.68,0.92,0.49,0.76,0.97,0.69,0.88,0.91,0.13,0.78,0.14,0.37,0.08,1,1,0.52,0.41,0.04,0.28,0.22,0.25,0.32,0.3,0.35,0.1
2021,Sudan,Middle East,0.28,0.26,0.17,87,12040.4,13,79,80,90,0.38,0.44,0.23,0.07,0.29,0.57,0.21,0.39,0.9,0.04,0.85,0.07,0.69,0.88,0.44,0.96,0.31,0.17,0.08,0.51,0.12,0.75,0.19,0.11,0.68,0.09
2021,Tunisia,Middle East,0.48,0.77,0.48,43,79638.4,26,57,26,55,0.17,0.71,0.69,0.29,0.77,0.61,0.09,0.17,0.79,0.62,0.91,0.45,0.82,0.88,0.88,0.61,0.78,0.52,0.43,0.27,0.74,0.52,0.59,0.4,0.37,0.29
2021,United Arab Emirates,Middle East,0.99,0.33,0.34,35,170819.08,34,2,72,71,0.83,1,0.99,0.68,0.74,1,0.91,0.95,0.97,0.21,0.53,0.1,0.29,0.15,0.63,0.77,0.59,0.28,0.6,0.82,0.46,0.55,0.24,0.46,0.13,0.17
2021,Argentina,Latin,0.13,0.25,0.54,82,163687.85,34,94,81,48,0.9,0.11,0.21,0.59,0.21,0.07,0.11,0.08,0.04,0.56,0.36,0.8,0.72,0.89,0.45,0.09,0.13,0.27,0.28,1,0.31,0.13,0.38,0.21,0.26,0.91
2021,Barbados,Latin,0.6,0.94,0.29,26,,,45,7,77,0.6,0.38,0.79,0.14,0.82,0.71,0.86,0.75,0.54,0.58,0.4,0.92,1,1,0.83,0.76,0.34,0.9,0.41,0.72,0.99,0.02,0.05,0.53,1,0.08
2021,Bolivia,Latin,0.15,0.04,0.23,97,26884.99,29,92,105,83,0.96,0.16,0.28,0.21,0.09,0.09,0.15,0.09,0.21,0.07,0.06,0.37,0.21,0.92,0.13,0.02,0.03,0.12,0.17,0.97,0.13,0.07,0.09,0.26,0.15,0.69
2021,Brazil,Latin,0.14,0.48,0.22,83,521042.29,33,93,57,84,0.29,0.27,0.06,0.78,0.22,0.13,0.29,0.18,0.08,0.98,0.27,0.64,0.49,0.3,0.3,0.33,0.57,0.3,0.09,0.06,0.59,0.38,0.44,0.18,0.18,0.44
2021,Chile,Latin,0.08,0.19,0.42,89,131239.12,45,100,88,62,0.95,0.01,0.47,0.04,0.07,0.04,0.3,0.02,0.11,0.36,0.03,0.97,0.64,0.78,0.41,0.05,0.13,0.14,0.1,0.96,0.06,0.08,0.22,0.17,0.05,0.98
2021,Colombia,Latin,0.13,0.11,0.45,91,306063.76,31,95,97,59,0.91,0.14,0.42,0.13,0.63,0.13,0.1,0.26,0.05,0.44,0.19,0.41,0.76,0.72,0.26,0.07,0.12,0.1,0.15,0.93,0.51,0.16,0.3,0.13,0.28,0.88
2021,Costa Rica,Latin,0.21,0.49,0.53,68,30294,49,85,56,50,0.58,0.18,0.43,0.11,0.44,0.26,0.35,0.31,0.55,0.39,0.6,0.63,0.66,0.67,0.97,0.35,0.43,0.25,0.37,0.88,0.4,0.31,0.4,0.33,0.33,0.79
2021,Dominican Republic,Latin,0.21,0.18,0.14,92,,,86,89,93,0.77,0.25,0.44,0.24,0.46,0.11,0.25,0.2,0.53,0.48,0.26,0.2,0.4,0.44,0.38,0.14,0.46,0.35,0.13,0.85,0.13,0.09,0.2,0.16,0.13,0.34
2021,Ecuador,Latin,0.09,0.12,0.43,93,64984.95,49,99,96,61,0.79,0.28,0.77,0.05,0.21,0.03,0.18,0.13,0.09,0.15,0.09,0.66,0.88,0.9,0.37,0.08,0.06,0.13,0.31,0.86,0.11,0.15,0.12,0.44,0.5,0.93
2021,El Salvador,Latin,0.2,0.34,0.28,84,,,87,71,78,0.82,0.13,0.55,0.1,0.3,0.21,0.34,0.12,0.39,0.38,0.31,0.38,0.77,0.84,0.99,0.21,0.2,0.19,0.55,0.96,0.35,0.17,0.17,0.1,0.43,0.28
2021,Guatemala,Latin,0.16,0.04,0.13,99,,,91,104,94,0.68,0.09,0.56,0.19,0.18,0.18,0.38,0.1,0.2,0.26,0.04,0.18,0.32,0.83,0.16,0.01,0.08,0.04,0.38,0.87,0.14,0.06,0.13,0.15,0.14,0.33
2021,Guyana,Latin,0.06,0.08,0.02,107,,,102,100,107,0.25,0.23,0.07,0.34,0.11,0.14,0.17,0.11,0.14,0.05,0.07,0.26,0.41,0.04,0.19,0.66,0.04,0.06,0.81,0.17,0.03,0.13,0.04,0.03,0.01,0.37
2021,Honduras,Latin,0.1,0.09,0.16,98,,,98,99,91,0.69,0.24,0.32,0.09,0.45,0.1,0.13,0.19,0.16,0.12,0.02,0.32,0.36,0.99,0.29,0.06,0.02,0.03,0.13,0.98,0.08,0.14,0.07,0.13,0.17,0.32
2021,Mexico,Latin,0.03,0.1,0.26,102,581731.18,39,106,98,80,0.71,0.2,0.3,0.03,0.01,0.06,0.04,0.06,0.03,0.29,0.13,0.21,0.45,0.94,0.55,0.03,0.01,0.05,0.19,0.99,0.07,0.04,0.06,0.24,0.72,0.54
2021,Nicaragua,Latin,0.07,0.17,0.12,96,,,101,90,96,0.84,0.19,0.27,0.37,0.1,0.02,0.06,0.21,0.06,0.72,0.29,0.4,0.31,0.96,0.5,0.1,0.05,0.08,0.05,0.89,0.1,0.05,0.18,0.09,0.09,0.31
2021,Panama,Latin,0.05,0.13,0.07,101,,,103,94,101,0.62,0.05,0.11,0.31,0.06,0.04,0.08,0.04,0.07,0.11,0.56,0.33,0.7,0.65,0.47,0.15,0.11,0.09,0.11,0.88,0.04,0.21,0.1,0.08,0.02,0.39
2021,Paraguay,Latin,0.02,0.07,0.11,106,,,107,101,97,0.46,0.03,0.02,0.17,0.04,0.01,0.04,0.01,0.01,0.16,0.1,0.61,0.79,0.79,0.03,0.04,0.17,0.13,0.2,0.84,0.05,0.04,0.13,0.04,0.06,0.85
2021,Peru,Latin,0.22,0.46,0.47,74,151056.22,37,84,59,56,0.88,0.04,0.78,0.2,0.27,0.23,0.16,0.22,0.35,0.9,0.3,0.65,0.99,0.85,0.93,0.18,0.09,0.2,0.51,0.95,0.38,0.11,0.21,0.22,0.41,0.92
2021,Puerto Rico,Latin,0.12,0.16,0.3,94,,,96,91,75,0.63,0.21,0.18,0.23,0.36,0.15,0.22,0.05,0.12,0.33,0.28,0.27,0.05,0.29,0.06,0.31,0.29,0.22,0.42,0.16,0.29,0.41,0.38,0.27,0.38,0.38
2021,Saint Lucia,Latin,0.29,0.66,0.04,85,,,78,38,105,0.86,0.54,0.39,0.18,0.08,0.68,0.13,0.04,0.76,0.01,0.98,0.99,0.04,0.01,0.77,0.79,0.39,1,0.3,0.48,0.92,0.69,0.02,0.04,0.03,0.01
2021,Trinidad and Tobago,Latin,0.47,0.71,0.41,50,,,58,32,63,0.5,0.46,0.54,0.29,0.57,0.65,0.61,0.46,0.47,0.87,0.81,0.89,0.46,0.06,0.78,0.97,0.28,0.37,0.57,0.63,0.21,0.18,0.27,0.49,0.89,0.65
2021,Uruguay,Latin,0.17,0.27,0.56,78,34678.8,34,90,79,46,0.64,0.17,0.35,0.6,0.38,0.2,0.24,0.07,0.13,0.51,0.8,0.63,0.21,0.82,0.17,0.13,0.37,0.29,0.16,0.9,0.3,0.2,0.53,0.25,0.44,0.82
2021,Venezuela,Latin,0.38,0.4,0.63,61,29880.24,38,68,64,40,0.81,0.43,0.53,0.61,0.39,0.19,0.33,0.21,0.29,0.29,0.12,0.88,0.68,0.91,0.94,0.21,0.21,0.32,0.95,0.94,0.37,0.22,0.31,0.38,0.53,0.96
2021,Armenia,Europe,0.71,0.23,0.6,57,11498.34,51,33,83,43,0.13,0.96,0.82,0.62,0.92,0.6,0.6,0.24,0.62,0.17,0.08,0.79,0.5,0.22,0.14,0.13,0.85,0.66,0.9,0.24,0.5,0.53,0.54,0.89,0.4,0.64
2021,Austria,Europe,0.95,0.88,0.95,3,33350.08,35,6,14,7,0.54,0.87,0.81,0.97,0.69,0.89,0.95,0.86,0.88,0.66,0.45,0.79,0.52,0.45,0.9,0.65,0.99,0.78,0.88,0.73,0.64,0.86,0.91,0.88,0.91,0.89
2021,Azerbaijan,Europe,0.93,0.13,0.24,72,26170.56,36,8,95,82,0.7,0.93,0.89,0.79,0.96,0.91,0.46,0.37,0.88,0.09,0.14,0.17,0.27,0.18,0.21,0.47,0.42,0.21,0.23,0.76,0.29,0.34,0.25,0.7,0.08,0.22
2021,Belarus,Europe,0.54,0.99,0.91,12,26812.5,63,50,2,11,0.08,0.96,0.25,0.5,0.99,0.22,0.31,0.23,0.52,0.88,0.33,0.98,0.6,0.97,0.85,0.11,0.91,0.94,0.97,0.03,0.94,0.45,0.7,0.94,0.56,0.99
2021,Belgium,Europe,0.83,0.86,0.98,6,43097.46,33,19,16,3,0.63,0.61,0.87,0.93,0.26,0.88,0.85,0.79,0.82,0.76,0.46,0.71,0.92,0.71,0.76,0.63,0.79,0.83,0.89,0.71,0.85,0.82,0.96,0.92,0.96,0.75
2021,Bulgaria,Europe,0.76,0.95,0.75,15,17876.82,50,27,6,28,0.36,0.9,0.48,0.96,0.71,0.54,0.76,0.47,0.54,0.81,0.71,0.78,0.78,0.86,0.88,0.68,0.96,0.98,0.85,0.4,0.55,0.37,0.78,0.97,0.69,0.55
2021,Croatia,Europe,0.73,0.83,0.78,21,18408.16,49,30,19,25,0.32,0.74,0.51,0.8,0.8,0.74,0.93,0.63,0.66,0.67,0.79,0.52,0.89,0.36,0.89,0.79,0.71,0.76,0.7,0.54,0.49,0.96,0.87,0.65,0.8,0.63
2021,Czech Republic,Europe,0.62,0.97,0.9,13,32231.68,38,43,3,12,0.24,0.48,0.34,0.89,0.73,0.44,0.7,0.55,0.41,0.71,0.9,0.84,0.96,0.76,0.74,0.9,0.88,0.88,0.94,0.75,0.88,0.43,0.9,0.91,0.85,0.72
2021,Denmark,Europe,0.84,0.87,0.99,8,28478.52,44,18,15,2,0.35,0.6,0.86,0.72,0.35,0.86,0.9,0.96,0.86,0.61,0.38,0.73,0.85,0.8,0.63,0.84,0.77,0.87,0.93,0.57,0.72,0.92,0.95,0.96,0.93,0.87
2021,Estonia,Europe,0.67,0.63,0.59,36,12089.76,48,37,41,44,0.47,0.31,0.29,0.94,0.94,0.41,0.54,0.46,0.31,0.57,0.13,0.94,0.79,0.53,0.52,0.4,0.62,0.88,0.86,0.12,0.62,0.33,0.75,0.75,0.58,0.42
2021,Finland,Europe,0.63,0.9,1,14,31562.2,29,42,11,1,0.31,0.29,0.22,0.81,0.46,0.39,0.82,0.94,0.83,0.95,0.69,0.82,0.59,0.75,0.81,0.46,0.86,0.96,0.67,0.63,0.96,0.78,1,0.9,0.99,0.86
2021,France,Europe,0.61,0.7,0.79,28,260137.51,34,44,34,24,0.33,0.33,0.88,0.87,0.03,0.82,0.46,0.4,0.74,0.68,0.35,0.76,0.73,0.46,0.72,0.53,0.81,0.79,0.71,0.29,0.79,0.39,0.92,0.74,0.86,0.71
2021,Georgia,Europe,0.72,0.21,0.39,70,11633.4,28,31,86,65,0.53,0.94,0.6,0.84,0.71,0.72,0.78,0.82,0.15,0.24,0.04,0.5,0.11,0.54,0.1,0.16,0.96,0.46,0.61,0.22,0.28,0.48,0.46,0.38,0.21,0.62
2021,Germany,Europe,0.91,0.89,0.94,5,406849.5,30,10,12,8,0.43,0.73,0.83,0.88,0.64,0.85,0.94,0.92,0.89,0.77,0.44,0.83,0.8,0.49,0.95,0.56,0.95,0.91,0.88,0.59,0.9,0.79,0.97,0.81,0.9,0.81
2021,Greece,Europe,0.8,0.73,0.71,22,71650,49,22,30,32,0.59,0.58,0.67,0.9,0.75,0.79,0.87,0.61,0.63,0.43,0.92,0.48,0.91,0.38,0.68,0.84,0.54,0.67,0.79,0.74,0.75,0.56,0.69,0.73,0.73,0.48
2021,Hungary,Europe,0.55,0.96,0.84,18,30958.4,31,49,4,18,0.13,0.75,0.31,0.91,0.53,0.43,0.79,0.58,0.34,0.65,0.87,0.67,0.95,0.69,0.98,0.91,0.75,0.86,0.91,0.52,0.96,0.71,0.8,0.84,0.78,0.61
2021,Ireland,Europe,0.37,0.79,0.65,34,55138.68,37,69,23,37,0.26,0.26,0.24,0.83,0.2,0.36,0.57,0.49,0.48,0.6,0.72,0.68,0.57,0.55,0.6,0.8,0.97,0.63,0.59,0.44,0.98,0.74,0.64,0.6,0.61,0.35
2021,Italy,Europe,0.79,0.91,0.72,16,178929.92,38,23,10,31,0.3,0.78,0.54,0.95,0.54,0.75,0.96,0.57,0.6,0.75,0.57,0.96,0.34,0.42,0.87,0.78,1,0.65,0.5,0.67,1,0.57,0.71,0.69,0.71,0.67
2021,Latvia,Europe,0.68,0.72,0.77,24,11085.1,41,36,31,26,0.41,0.42,0.4,0.69,0.83,0.51,0.88,0.84,0.43,0.7,0.83,0.87,0.3,0.54,0.46,0.48,0.65,0.73,0.96,0.79,0.69,0.9,0.63,0.83,0.49,0.88
2021,Lithuania,Europe,0.45,0.52,0.63,48,15968.55,43,61,53,39,0.15,0.52,0.16,0.75,0.79,0.42,0.62,0.51,0.36,0.64,0.15,0.44,0.93,0.2,0.43,0.43,0.73,0.64,0.54,0.33,0.65,0.61,0.79,0.63,0.48,0.56
2021,Luxembourg,Europe,1,0.62,0.85,2,6704.74,32,1,43,17,0.88,0.95,0.97,1,0.84,0.99,0.89,0.65,0.98,0.42,0.74,0.47,0.04,0.39,0.64,0.86,0.71,0.75,0.8,0.92,0.54,0.58,0.84,0.5,0.74,0.73
2021,Netherlands,Europe,0.71,0.79,0.93,17,,,32,24,9,0.37,0.64,0.68,0.76,0.38,0.77,0.79,0.85,0.77,0.79,0.42,0.62,0.87,0.38,0.75,0.72,0.88,0.77,0.79,0.71,0.84,0.84,0.89,0.78,0.95,0.76
2021,Norway,Europe,0.96,0.63,0.88,11,26485.47,32,4,42,13,0.61,0.63,0.91,0.77,0.72,0.92,0.98,0.98,0.94,0.78,0.32,0.57,0.58,0.48,0.32,0.42,0.68,0.81,0.76,0.38,0.87,0.79,0.98,0.77,0.94,0.79
2021,Poland,Europe,0.52,0.64,0.76,30,114867.84,33,53,40,27,0.2,0.8,0.26,0.64,0.59,0.45,0.71,0.77,0.33,0.89,0.71,0.7,0.24,0.56,0.8,0.29,0.82,0.71,0.25,0.21,0.79,0.54,0.79,0.8,0.77,0.84
2021,Portugal,Europe,0.54,0.8,0.55,31,76072.14,38,51,22,47,0.27,0.47,0.41,0.98,0.25,0.49,0.59,0.36,0.37,0.69,0.76,0.43,0.88,0.37,0.92,0.93,0.8,0.55,0.72,0.42,0.57,0.3,0.6,0.58,0.51,0.4
2021,Romania,Europe,0.3,0.65,0.62,49,68613.8,49,76,39,41,0.16,0.39,0.2,0.54,0.28,0.32,0.47,0.48,0.23,0.63,0.62,0.53,0.38,0.73,0.65,0.54,0.6,0.72,0.48,0.18,0.53,0.8,0.67,0.76,0.65,0.5
2021,Russia,Europe,0.79,0.92,0.97,9,,,24,9,4,0.1,0.98,0.36,0.36,1,0.38,0.74,0.43,0.45,0.22,0.29,1,0.98,0.95,0.48,0.12,0.64,0.79,0.99,0.02,0.56,0.42,0.62,0.99,0.67,1
2021,Serbia,Europe,0.43,0.76,0.68,33,22478.82,41,63,27,35,0.19,0.66,0.19,0.55,0.62,0.37,0.55,0.33,0.26,0.54,0.24,0.9,0.84,0.27,0.79,0.5,0.93,0.99,0.83,0.13,0.61,0.44,0.76,0.86,0.82,0.59
2021,Slovakia,Europe,0.46,0.54,0.66,47,11399.85,38,59,51,36,0.04,0.34,0.14,0.86,0.41,0.29,0.39,0.38,0.19,0.47,0.46,0.55,0.61,0.7,0.33,0.59,0.51,0.59,0.46,0.61,0.76,0.47,0.81,0.59,0.62,0.47
2021,Spain,Europe,0.44,0.59,0.87,32,261314.44,33,62,45,15,0.74,0.36,0.71,0.71,0.58,0.28,0.37,0.29,0.27,0.84,0.38,0.77,0.86,0.79,0.71,0.25,0.56,0.51,0.66,0.91,0.73,0.4,0.65,0.48,0.63,0.9
2021,Sweden,Europe,0.89,0.82,0.96,7,60753.52,35,12,20,5,0.49,0.72,0.8,0.73,0.61,0.87,0.96,0.97,0.87,0.85,0.54,0.69,0.54,0.58,0.84,0.57,0.9,0.85,0.75,0.43,0.91,0.88,0.99,0.82,0.97,0.8
2021,Switzerland,Europe,0.98,0.84,0.96,1,81887.28,44,3,18,6,0.75,0.83,0.96,0.99,0.52,0.94,0.99,0.96,0.95,0.46,0.16,0.86,0.97,0.93,0.86,0.46,0.94,0.93,0.82,0.78,0.8,0.6,0.88,0.87,0.98,0.77
2021,Turkey,Europe,0.65,0.47,0.37,60,237929.98,32,39,58,68,0.18,0.63,0.45,0.67,0.87,0.58,0.81,0.63,0.46,0.53,0.39,0.35,0.54,0.64,0.61,0.32,0.61,0.54,0.69,0.13,0.48,0.26,0.55,0.55,0.29,0.2
2021,Ukraine,Europe,0.36,0.93,0.82,27,132104.25,27,70,8,20,0.04,0.86,0.21,0.32,0.97,0.25,0.28,0.15,0.24,0.8,0.59,0.96,0.9,0.87,0.66,0.26,0.79,0.82,0.87,0.04,0.89,0.29,0.73,0.96,0.55,0.97
2021,United Kingdom,Europe,0.29,0.57,0.69,51,458147.08,34,77,47,34,0.23,0.21,0.13,0.85,0.13,0.33,0.58,0.5,0.21,0.63,0.49,0.46,0.43,0.28,0.49,0.64,0.58,0.71,0.68,0.46,0.6,0.64,0.72,0.79,0.75,0.52
2021,Australia,Asia Pacific,0.31,0.61,0.74,44,210114.83,42,75,44,29,0.4,0.22,0.13,0.65,0.19,0.35,0.5,0.54,0.42,0.79,0.55,0.59,0.55,0.34,0.54,0.7,0.67,0.58,0.35,0.83,0.97,0.88,0.61,0.67,0.6,0.46
2021,Bangladesh,Asia Pacific,0.59,0.38,0.38,64,181084.75,17,46,67,67,0.34,0.76,0.95,0.51,0.4,0.69,0.41,0.64,0.68,0.93,0.88,0.13,0.26,0.11,0.34,0.45,0.22,0.29,0.4,0.6,0.38,0.65,0.35,0.41,0.46,0.23
2021,Bhutan,Asia Pacific,0.18,0.14,0.03,100,,,89,93,106,0.29,0.1,0.38,0.63,0.04,0.24,0.21,0.71,0.04,0.02,0.54,0.02,0.03,0.13,0.28,0.98,0.1,0.68,0.06,0.08,0.02,0.24,0.03,0.07,0.1,0.3
2021,China,Asia Pacific,0.85,0.21,0.81,39,234045.44,58,17,85,21,0.8,0.85,0.76,0.88,0.93,0.71,0.67,0.52,0.38,0.25,0.01,0.6,0.96,0.31,0.05,0.27,0.27,0.96,0.14,0.35,0.86,0.72,0.86,0.95,0.92,0.41
2021,Hong Kong,Asia Pacific,0.86,0.51,0.92,23,183668.34,37,16,54,10,0.67,0.7,0.75,0.96,0.85,0.73,0.8,0.73,0.59,0.71,0.2,0.54,0.53,0.6,0.21,0.3,0.46,0.92,0.65,0.58,0.71,0.96,0.88,0.98,0.87,0.7
2021,India,Asia Pacific,0.5,0.38,0.38,67,5940957.33,33,55,66,66,0.28,0.77,0.58,0.7,0.12,0.59,0.49,0.44,0.49,0.83,0.43,0.16,0.28,0.14,0.58,0.34,0.55,0.54,0.34,0.25,0.43,0.38,0.52,0.54,0.34,0.15
2021,Indonesia,Asia Pacific,0.46,0.78,0.46,45,182971.39,17,60,25,57,0.46,0.45,0.61,0.46,0.32,0.46,0.63,0.6,0.38,1,0.82,0.34,0.42,0.4,0.15,0.44,0.49,0.23,0.92,0.69,0.66,0.46,0.48,0.35,0.24,0.45
2021,Japan,Asia Pacific,0.7,1,0.88,4,135920.1,24,34,1,14,0.45,0.88,0.66,0.66,0.88,0.5,0.53,0.72,0.56,0.99,0.96,0.81,0.46,0.26,0.4,0.28,0.74,0.97,0.78,0.26,0.71,0.63,0.96,0.93,0.96,0.83
2021,Kazakhstan,Asia Pacific,0.34,0.36,0.2,81,75734.55,36,72,69,87,0.14,0.92,0.15,0.25,0.96,0.27,0.14,0.27,0.29,0.1,0.58,0.95,0.51,0.68,0.67,0.22,0.23,0.44,0.54,0.11,0.32,0.03,0.16,0.66,0.12,0.95
2021,Kyrgyzstan,Asia Pacific,0.23,0.3,0.21,86,,,83,75,86,0.02,0.5,0.29,0.08,0.95,0.17,0.26,0.76,0.25,0.38,0.21,0.93,0.39,0.66,0.54,0.2,0.3,0.42,0.24,0.01,0.21,0.12,0.42,0.29,0.11,0.94
2021,Malaysia,Asia Pacific,0.53,0.56,0.52,46,110246.84,32,52,48,51,0.79,0.65,0.62,0.71,0.13,0.53,0.64,0.41,0.28,0.91,0.61,0.31,0.65,0.25,0.42,0.69,0.48,0.46,0.64,0.79,0.67,0.59,0.5,0.46,0.42,0.29
2021,Myanmar,Asia Pacific,0.35,0.42,0.15,79,31378.5,40,71,63,92,0.03,0.91,0.79,0.12,0.55,0.63,0.38,0.9,0.44,0.94,0.93,0.06,0.08,0.21,0.51,0.67,0.35,0.31,0.07,0.64,0.34,0.21,0.28,0.37,0.23,0.05
2021,Nepal,Asia Pacific,0.33,0.53,0.5,62,64732.92,22,73,52,53,0.21,0.79,0.63,0.33,0.56,0.46,0.19,0.25,0.46,0.92,0.68,0.25,0.13,0.23,0.71,0.89,0.25,0.49,0.58,0.31,0.15,0.97,0.54,0.52,0.64,0.38
2021,New Zealand,Asia Pacific,0.24,0.68,0.79,41,33767.37,50,82,36,23,0.42,0.06,0.05,0.56,0.17,0.3,0.42,0.54,0.57,0.73,0.84,0.46,0.56,0.16,0.62,0.85,0.72,0.61,0.49,0.8,0.7,0.98,0.66,0.64,0.7,0.63
2021,Pakistan,Asia Pacific,0.51,0.5,0.29,65,134938.02,3,54,55,76,0.44,0.82,0.71,0.28,0.42,0.56,0.48,0.35,0.65,0.86,0.88,0.12,0.35,0.29,0.39,0.73,0.38,0.26,0.84,0.49,0.36,0.5,0.37,0.32,0.31,0.16
2021,Philippines,Asia Pacific,0.57,0.29,0.44,69,,,48,77,60,0.66,0.84,0.65,0.43,0.5,0.54,0.32,0.34,0.78,0.82,0.75,0.13,0.22,0.1,0.38,0.37,0.33,0.11,0.12,0.09,0.25,0.1,0.14,1,0.84,0.71
2021,Republic of Korea,Asia Pacific,0.49,0.37,0.58,63,,,56,68,45,0.52,0.54,0.33,0.48,0.91,0.34,0.51,0.53,0.1,0.52,0.25,0.51,0.18,0.41,0.18,0.17,0.47,0.7,0.74,0.07,0.45,0.32,0.85,0.71,0.71,0.68
2021,Singapore,Asia Pacific,0.75,0.96,0.86,10,287033.6,39,28,5,16,0.54,0.57,0.85,0.92,0.49,0.66,0.92,0.68,0.61,0.96,0.96,0.56,0.74,0.59,0.79,0.82,0.66,0.84,0.71,0.77,0.93,0.77,0.82,0.79,0.81,0.66
2021,Sri Lanka,Asia Pacific,0.42,0.85,0.49,40,94451.77,27,64,17,54,0.22,0.59,0.52,0.21,0.29,0.76,0.29,0.59,0.69,0.97,0.97,0.38,0.38,0.46,0.73,0.88,0.4,0.53,0.53,0.21,0.41,0.49,0.63,0.57,0.54,0.24
2021,Taiwan,Asia Pacific,0.63,0.71,0.83,25,145843.62,43,41,33,19,0.57,0.89,0.38,0.63,0.33,0.47,0.72,0.67,0.5,0.88,0.52,0.85,0.44,0.77,0.25,0.39,0.54,0.89,0.96,0.41,0.83,0.46,0.83,0.88,0.79,0.74
2021,Thailand,Asia Pacific,0.19,0.39,0.46,76,125111.89,36,88,65,58,0.09,0.32,0.5,0.45,0.16,0.29,0.45,0.32,0.17,0.96,0.51,0.3,0.62,0.21,0.22,0.29,0.32,0.5,0.56,0.39,0.63,0.19,0.57,0.51,0.36,0.36
2021,Uzbekistan,Asia Pacific,0.04,0.06,0.09,104,16399.45,20,105,102,99,0.06,0.13,0.03,0.13,0.9,0.05,0.05,0.03,0.02,0.18,0.21,0.88,0.13,0.12,0.02,0.04,0.18,0.21,0.04,0.04,0.18,0.01,0.26,0.28,0.04,0.96
2021,Vietnam,Asia Pacific,0.88,0.88,0.61,20,284463,22,14,13,42,0.11,0.99,1,0.35,0.31,0.98,0.43,0.66,0.99,0.74,0.99,0.49,0.71,0.71,0.57,0.38,0.89,0.74,0.63,0.66,0.81,0.36,0.56,0.71,0.54,0.43
2023,Botswana,Sub saharan,1,0.4,0.27,29,10513,36,9,103,103,0.69,0.24,0.32,0.09,0.45,0.1,0.13,0.19,0.16,0.12,0.02,0.32,0.36,0.99,0.29,0.06,0.02,0.03,0.13,0.98,0.08,0.14,0.07,0.13,0.17,0.32
2023,Cameroon,Sub saharan,0.59,0.69,0.38,48,22287,20,7,28,38,0.91,0.14,0.42,0.13,0.63,0.13,0.1,0.26,0.05,0.44,0.19,0.41,0.76,0.72,0.26,0.07,0.12,0.1,0.15,0.93,0.51,0.16,0.3,0.13,0.28,0.88
2023,Ethiopia,Sub saharan,0.56,0.39,0.26,72,53278,16,74,21,70,0.63,0.61,0.87,0.93,0.26,0.88,0.85,0.79,0.82,0.76,0.46,0.71,0.92,0.71,0.76,0.63,0.79,0.83,0.89,0.71,0.85,0.82,0.96,0.92,0.96,0.75
2023,Ghana,Sub saharan,0.26,0.06,0.03,97,103248,22,26,76,95,0.89,0.55,0.84,0.79,0.65,0.8,0.54,0.69,0.81,0.13,0.34,0.19,0.75,0.47,0.82,0.92,0.63,0.56,0.29,0.34,0.42,0.23,0.39,0.63,0.3,0.18
2023,Kenya,Sub saharan,0.24,0.03,0.04,98,120132,32,35,84,88,0.87,0.02,0.04,0.4,0.34,0.16,0.63,0.62,0.4,0.35,0.66,0.74,0.94,0.63,0.13,0.58,0.87,0.69,0.38,0.47,0.88,0.7,0.74,0.68,0.76,0.57
2023,Nigeria,Sub saharan,0.25,0.01,0.02,100,675371,30,15,92,100,0.79,0.28,0.77,0.05,0.21,0.03,0.18,0.13,0.09,0.15,0.09,0.66,0.88,0.85,0.47,0.47,0.85,0.25,0.52,0.55,0.72,0.4,0.34,0.85,0.87,0.4
2023,Rwanda,Sub saharan,0.94,0.13,0.35,52,12418,25,25,87,64,0.55,0.86,0.26,0.22,0.45,0.61,0.34,0.38,0.18,0.64,0.76,0.45,0.86,0.47,0.45,0.4,0.13,0.42,0.65,0.16,0.9,0.58,0.23,0.29,0.35,0.48
2023,Sierra Leone,Sub saharan,,,,,,,65,107,104,0.77,0.43,0.36,0.58,0.74,0.4,0.89,0.47,0.29,0.71,0.4,0.58,0.73,0.82,0.24,0.13,0.16,0.36,0.27,0.45,0.78,0.6,0.87,0.25,0.22,0.58
2023,Somalia,Sub saharan,0.4,0.04,0.09,93,27204,14,108,108,108,0.92,0.77,0.29,0.74,0.56,0.58,0.45,0.83,0.67,0.19,0.92,0.82,0.13,0.32,0.56,0.28,0.4,0.88,0.48,0.66,0.25,0.9,0.42,0.19,0.42,0.65
2023,South Africa,Sub saharan,0.5,0.12,0.14,86,146464,36,38,46,52,0.34,0.71,0.75,0.28,0.69,0.44,0.28,0.44,0.58,0.86,0.25,0.23,0.5,0.69,0.82,0.29,0.74,0.73,0.56,0.82,0.14,0.66,0.75,0.64,0.63,0.92
2023,Uganda,Sub saharan,0.46,0.09,0.1,90,24019,26,5,49,74,0.28,0.92,0.58,0.38,0.82,0.26,0.35,0.62,0.74,0.58,0.32,0.54,0.46,0.24,0.83,0.35,0.29,0.84,0.73,0.43,0.32,0.52,0.65,0.73,0.68,0.23
2023,United States,North America,,,,,4639771,41,40,35,30,0.82,0.47,0.31,0.86,0.19,0.68,0.47,0.53,0.63,0.25,0.48,0.84,0.85,0.6,0.16,0.82,0.18,0.22,0.64,0.19,0.71,0.78,0.68,0.45,0.29,0.73
2023,United States : West,North America,,,,,,,,,,0.45,0.69,0.63,0.69,0.12,0.54,0.72,0.71,0.7,0.34,0.59,0.35,0.58,0.56,0.74,0.84,0.4,0.33,0.79,0.62,0.63,0.88,0.48,0.36,0.91,0.29
2023,United States : Midwest,North America,,,,,,,,,,0.4,0.82,0.93,0.35,0.88,0.92,0.6,0.89,0.64,0.29,0.15,0.29,0.72,0.21,0.61,0.76,0.58,0.48,0.85,0.75,0.33,0.28,0.78,0.56,0.74,0.84
2023,United States : Northeast,North America,,,,,,,,,,0.72,0.13,0.2,0.09,0.94,0.29,0.21,0.58,0.72,0.31,0.6,0.12,0.67,0.78,0.92,0.58,0.92,0.7,0.31,0.27,0.69,0.42,0.57,0.57,0.51,0.26
2023,United States : South,North America,,,,,,,,,,0.56,0.38,0.49,0.63,0.88,0.69,0.52,0.25,0.79,0.68,0.37,0.67,0.48,0.91,0.32,0.91,0.73,0.75,0.58,0.47,0.42,0.57,0.28,0.51,0.71,0.44
2023,Canada,North America,,,,,622087,42,97,37,33,0.47,0.24,0.57,0.81,0.42,0.88,0.62,0.31,0.58,0.49,0.29,0.53,0.72,0.45,0.93,0.62,0.19,0.89,0.61,0.83,0.73,0.92,0.71,0.86,0.24,0.29
2023,Algeria,Middle East,0.07,0.14,0.18,91,72574,30,104,74,85,0.49,0.79,0.75,0.37,0.63,0.82,0.45,0.48,0.54,0.42,0.49,0.42,0.66,0.57,0.26,0.57,0.91,0.33,0.68,0.85,0.88,0.51,0.24,0.79,0.29,0.62
2023,Egypt,Middle East,0.44,0.49,0.41,61,538271,25,47,61,49,0.81,0.68,0.22,0.67,0.19,0.31,0.24,0.36,0.65,0.67,0.26,0.57,0.51,0.82,0.57,0.28,0.29,0.24,0.79,0.47,0.36,0.39,0.76,0.44,0.74,0.61
2023,Iraq,Middle East,0.23,0.07,0.05,95,36343,23,80,106,102,0.25,0.88,0.76,0.58,0.4,0.61,0.57,0.93,0.31,0.86,0.54,0.32,0.75,0.35,0.69,0.82,0.57,0.42,0.24,0.48,0.91,0.47,0.3,0.73,0.26,0.51
2023,Israel,Middle East,0.17,0.61,0.75,46,69012,29,81,29,22,0.71,0.92,0.38,0.6,0.57,0.19,0.83,0.75,0.68,0.32,0.79,0.26,0.39,0.28,0.51,0.79,0.84,0.33,0.36,0.69,0.36,0.44,0.64,0.29,0.88,0.76
2023,Jordan,Middle East,0.7,0.21,0.21,70,43566,31,29,78,81,0.79,0.51,0.48,0.92,0.19,0.84,0.26,0.57,0.79,0.24,0.32,0.61,0.42,0.44,0.76,0.44,0.43,0.51,0.76,0.41,0.44,0.51,0.33,0.89,0.85,0.56
2023,Kuwait,Middle East,0.73,0.26,0.16,69,14110,26,21,62,73,0.73,0.56,0.92,0.71,0.29,0.44,0.28,0.84,0.36,0.91,0.86,0.26,0.69,0.21,0.57,0.36,0.42,0.45,0.39,0.53,0.48,0.74,0.69,0.82,0.28,0.51
2023,Lebanon,Middle East,0.61,0.22,0.42,65,47562,38,11,73,72,0.36,0.33,0.83,0.45,0.73,0.92,0.34,0.91,0.48,0.29,0.75,0.44,0.71,0.62,0.29,0.56,0.56,0.57,0.91,0.36,0.69,0.26,0.28,0.68,0.24,0.45
2023,Morocco,Middle East,0.67,0.2,0.31,66,191210,27,66,70,69,0.57,0.62,0.29,0.79,0.82,0.51,0.79,0.28,0.38,0.73,0.64,0.39,0.69,0.44,0.51,0.86,0.68,0.62,0.36,0.48,0.44,0.76,0.73,0.51,0.21,0.58
2023,Oman,Middle East,0.97,0.11,0.15,57,14703,37,67,82,98,0.82,0.29,0.67,0.84,0.44,0.26,0.4,0.36,0.22,0.82,0.68,0.75,0.56,0.38,0.78,0.74,0.86,0.37,0.91,0.24,0.76,0.86,0.56,0.27,0.57,0.78
2023,Qatar,Middle East,0.78,0.18,0.12,76,22209,30,20,60,79,0.65,0.45,0.68,0.82,0.28,0.62,0.51,0.44,0.47,0.58,0.86,0.28,0.79,0.69,0.51,0.51,0.82,0.79,0.37,0.28,0.57,0.57,0.24,0.74,0.45,0.67
2023,Saudi Arabia,Middle East,0.81,0.68,0.43,41,216472,33,13,50,89,0.45,0.36,0.51,0.26,0.69,0.76,0.38,0.74,0.92,0.76,0.56,0.91,0.42,0.49,0.69,0.73,0.57,0.29,0.47,0.26,0.26,0.84,0.82,0.86,0.58,0.88
2023,Sudan,Middle East,0.31,0.02,0.06,96,19420,21,79,80,90,0.83,1,0.99,0.68,0.74,1,0.91,0.95,0.97,0.21,0.53,0.1,0.29,0.15,0.63,0.77,0.59,0.28,0.6,0.82,0.46,0.55,0.24,0.46,0.13,0.17
2023,Tunisia,Middle East,0.11,0.33,0.3,87,97120,32,57,26,55,0.9,0.11,0.21,0.59,0.21,0.07,0.11,0.08,0.04,0.56,0.36,0.8,0.72,0.89,0.45,0.09,0.13,0.27,0.28,1,0.31,0.13,0.38,0.21,0.26,0.91
2023,United Arab Emirates,Middle East,0.99,0.43,0.24,32,159644,32,2,72,71,0.6,0.38,0.79,0.14,0.82,0.71,0.86,0.75,0.54,0.58,0.4,0.92,1,1,0.83,0.76,0.34,0.9,0.41,0.72,0.99,0.02,0.05,0.53,1,0.08
2023,Argentina,Latin,0.08,0.93,0.96,30,172303,36,94,81,48,0.96,0.16,0.28,0.21,0.09,0.09,0.15,0.09,0.21,0.07,0.06,0.37,0.21,0.92,0.13,0.02,0.03,0.12,0.17,0.97,0.13,0.07,0.09,0.26,0.15,0.69
2023,Barbados,Latin,,,,,,,45,7,77,0.29,0.27,0.06,0.78,0.22,0.13,0.29,0.18,0.08,0.98,0.27,0.64,0.49,0.3,0.3,0.33,0.57,0.3,0.09,0.06,0.59,0.38,0.44,0.18,0.18,0.44
2023,Bolivia,Latin,0.04,0.5,0.8,62,22219,24,92,105,83,0.95,0.01,0.47,0.04,0.07,0.04,0.3,0.02,0.11,0.36,0.03,0.97,0.64,0.78,0.41,0.05,0.13,0.14,0.1,0.96,0.06,0.08,0.22,0.17,0.05,0.98
2023,Brazil,Latin,0.03,0.87,0.99,28,537157,34,93,57,84,0.91,0.14,0.42,0.13,0.63,0.13,0.1,0.26,0.05,0.44,0.19,0.41,0.76,0.72,0.26,0.07,0.12,0.1,0.15,0.93,0.51,0.16,0.3,0.13,0.28,0.88
2023,Chile,Latin,0.09,0.89,0.62,43,105838,36,100,88,62,0.58,0.18,0.43,0.11,0.44,0.26,0.35,0.31,0.55,0.39,0.6,0.63,0.66,0.67,0.97,0.35,0.43,0.25,0.37,0.88,0.4,0.31,0.4,0.33,0.33,0.79
2023,Colombia,Latin,0.38,0.95,0.68,19,332678,34,95,97,59,0.77,0.25,0.44,0.24,0.46,0.11,0.25,0.2,0.53,0.48,0.26,0.2,0.4,0.44,0.38,0.14,0.46,0.35,0.13,0.85,0.13,0.09,0.2,0.16,0.13,0.34
2023,Costa Rica,Latin,0.88,0.6,0.37,42,22275,36,85,56,50,0.79,0.28,0.77,0.05,0.21,0.03,0.18,0.13,0.09,0.15,0.09,0.66,0.88,0.9,0.37,0.08,0.06,0.13,0.31,0.86,0.11,0.15,0.12,0.44,0.5,0.93
2023,Dominican Republic,Latin,0.28,0.55,0.44,63,,,86,89,93,0.82,0.13,0.55,0.1,0.3,0.21,0.34,0.12,0.39,0.38,0.31,0.38,0.77,0.84,0.99,0.21,0.2,0.19,0.55,0.96,0.35,0.17,0.17,0.1,0.43,0.28
2023,Ecuador,Latin,0.2,0.72,0.59,45,48137,36,99,96,61,0.68,0.09,0.56,0.19,0.18,0.18,0.38,0.1,0.2,0.26,0.04,0.18,0.32,0.83,0.16,0.01,0.08,0.04,0.38,0.87,0.14,0.06,0.13,0.15,0.14,0.33
2023,El Salvador,Latin,,,,,,,87,71,78,0.25,0.23,0.07,0.34,0.11,0.14,0.17,0.11,0.14,0.05,0.07,0.26,0.41,0.04,0.19,0.66,0.04,0.06,0.81,0.17,0.03,0.13,0.04,0.03,0.01,0.37
2023,Guatemala,Latin,,,,,,,91,104,94,0.69,0.24,0.32,0.09,0.45,0.1,0.13,0.19,0.16,0.12,0.02,0.32,0.36,0.99,0.29,0.06,0.02,0.03,0.13,0.98,0.08,0.14,0.07,0.13,0.17,0.32
2023,Guyana,Latin,,,,,,,102,100,107,0.71,0.2,0.3,0.03,0.01,0.06,0.04,0.06,0.03,0.29,0.13,0.21,0.45,0.94,0.55,0.03,0.01,0.05,0.19,0.99,0.07,0.04,0.06,0.24,0.72,0.54
2023,Honduras,Latin,,,,,,,98,99,91,0.84,0.19,0.27,0.37,0.1,0.02,0.06,0.21,0.06,0.72,0.29,0.4,0.31,0.96,0.5,0.1,0.05,0.08,0.05,0.89,0.1,0.05,0.18,0.09,0.09,0.31
2023,Mexico,Latin,0.06,0.97,0.9,25,548803,37,106,98,80,0.62,0.05,0.11,0.31,0.06,0.04,0.08,0.04,0.07,0.11,0.56,0.33,0.7,0.65,0.47,0.15,0.11,0.09,0.11,0.88,0.04,0.21,0.1,0.08,0.02,0.39
2023,Nicaragua,Latin,,,,,,,101,90,96,0.46,0.03,0.02,0.17,0.04,0.01,0.04,0.01,0.01,0.16,0.1,0.61,0.79,0.79,0.03,0.04,0.17,0.13,0.2,0.84,0.05,0.04,0.13,0.04,0.06,0.85
2023,Panama,Latin,,,,,,,103,94,101,0.88,0.04,0.78,0.2,0.27,0.23,0.16,0.22,0.35,0.9,0.3,0.65,0.99,0.85,0.93,0.18,0.09,0.2,0.51,0.95,0.38,0.11,0.21,0.22,0.41,0.92
2023,Paraguay,Latin,,,,,,,107,101,97,0.63,0.21,0.18,0.23,0.36,0.15,0.22,0.05,0.12,0.33,0.28,0.27,0.05,0.29,0.06,0.31,0.29,0.22,0.42,0.16,0.29,0.41,0.38,0.27,0.38,0.38
2023,Peru,Latin,0.13,0.81,0.86,38,126938,31,84,59,56,0.86,0.54,0.39,0.18,0.08,0.68,0.13,0.04,0.76,0.01,0.98,0.99,0.04,0.01,0.77,0.79,0.39,1,0.3,0.48,0.92,0.69,0.02,0.04,0.03,0.01
2023,Puerto Rico,Latin,,,,,,,96,91,75,0.5,0.46,0.54,0.29,0.57,0.65,0.61,0.46,0.47,0.87,0.81,0.89,0.46,0.06,0.78,0.97,0.28,0.37,0.57,0.63,0.21,0.18,0.27,0.49,0.89,0.65
2023,Saint Lucia,Latin,,,,,,,78,38,105,0.64,0.17,0.35,0.6,0.38,0.2,0.24,0.07,0.13,0.51,0.8,0.63,0.21,0.82,0.17,0.13,0.37,0.29,0.16,0.9,0.3,0.2,0.53,0.25,0.44,0.82
2023,Trinidad and Tobago,Latin,,,,,,,58,32,63,0.81,0.43,0.53,0.61,0.39,0.19,0.33,0.21,0.29,0.29,0.12,0.88,0.68,0.91,0.94,0.21,0.21,0.32,0.95,0.94,0.37,0.22,0.31,0.38,0.53,0.96
2023,Uruguay,Latin,0.19,0.73,0.57,47,44460,43,90,79,46,0.13,0.96,0.82,0.62,0.92,0.6,0.6,0.24,0.62,0.17,0.08,0.79,0.5,0.22,0.14,0.13,0.85,0.66,0.9,0.24,0.5,0.53,0.54,0.89,0.4,0.64
2023,Venezuela,Latin,0.02,0.44,0.54,85,24492,31,68,64,40,0.54,0.87,0.81,0.97,0.69,0.89,0.95,0.86,0.88,0.66,0.45,0.79,0.52,0.45,0.9,0.65,0.99,0.78,0.88,0.73,0.64,0.86,0.91,0.88,0.91,0.89
2023,Armenia,Europe,0.41,0.78,0.72,35,11733,52,33,83,43,0.7,0.93,0.89,0.79,0.96,0.91,0.46,0.37,0.88,0.09,0.14,0.17,0.27,0.18,0.21,0.47,0.42,0.21,0.23,0.76,0.29,0.34,0.25,0.7,0.08,0.22
2023,Austria,Europe,0.86,0.71,0.82,14,37472,39,6,14,7,0.08,0.96,0.25,0.5,0.99,0.22,0.31,0.23,0.52,0.88,0.33,0.98,0.6,0.97,0.85,0.11,0.91,0.94,0.97,0.03,0.94,0.45,0.7,0.94,0.56,0.99
2023,Azerbaijan,Europe,0.91,0.32,0.45,44,27261,37,8,95,82,0.63,0.61,0.87,0.93,0.26,0.88,0.85,0.79,0.82,0.76,0.46,0.71,0.92,0.71,0.76,0.63,0.79,0.83,0.89,0.71,0.85,0.82,0.96,0.92,0.96,0.75
2023,Belarus,Europe,0.47,0.85,0.87,21,18750,44,50,2,11,0.36,0.9,0.48,0.96,0.71,0.54,0.76,0.47,0.54,0.81,0.71,0.78,0.78,0.86,0.88,0.68,0.96,0.98,0.85,0.4,0.55,0.37,0.78,0.97,0.69,0.55
2023,Belgium,Europe,0.83,0.75,0.91,10,43977,34,19,16,3,0.32,0.74,0.51,0.8,0.8,0.74,0.93,0.63,0.66,0.67,0.79,0.52,0.89,0.36,0.89,0.79,0.71,0.76,0.7,0.54,0.49,0.96,0.87,0.65,0.8,0.63
2023,Bulgaria,Europe,0.84,0.76,0.71,18,14534,41,27,6,28,0.24,0.48,0.34,0.89,0.73,0.44,0.7,0.55,0.41,0.71,0.9,0.84,0.96,0.76,0.74,0.9,0.88,0.88,0.94,0.75,0.88,0.43,0.9,0.91,0.85,0.72
2023,Croatia,Europe,0.82,0.45,0.65,36,17872,48,30,19,25,0.35,0.6,0.86,0.72,0.35,0.86,0.9,0.96,0.86,0.61,0.38,0.73,0.85,0.8,0.63,0.84,0.77,0.87,0.93,0.57,0.72,0.92,0.95,0.96,0.93,0.87
2023,Czech Republic,Europe,0.66,0.74,0.74,27,30992,37,43,3,12,0.47,0.31,0.29,0.94,0.94,0.41,0.54,0.46,0.31,0.57,0.13,0.94,0.79,0.53,0.52,0.4,0.62,0.88,0.86,0.12,0.62,0.33,0.75,0.75,0.58,0.42
2023,Denmark,Europe,0.95,0.65,0.85,11,22602,35,18,15,2,0.31,0.29,0.22,0.81,0.46,0.39,0.82,0.94,0.83,0.95,0.69,0.82,0.59,0.75,0.81,0.46,0.86,0.96,0.67,0.63,0.96,0.78,1,0.9,0.99,0.86
2023,Estonia,Europe,0.49,0.23,0.36,74,13584,54,37,41,44,0.33,0.33,0.88,0.87,0.03,0.82,0.46,0.4,0.74,0.68,0.35,0.76,0.73,0.46,0.72,0.53,0.81,0.79,0.71,0.29,0.79,0.39,0.92,0.74,0.86,0.71
2023,Finland,Europe,0.71,0.8,0.81,17,37132,34,42,11,1,0.53,0.94,0.6,0.84,0.71,0.72,0.78,0.82,0.15,0.24,0.04,0.5,0.11,0.54,0.1,0.16,0.96,0.46,0.61,0.22,0.28,0.48,0.46,0.38,0.21,0.62
2023,France,Europe,0.65,0.88,0.89,9,268183,35,44,34,24,0.43,0.73,0.83,0.88,0.64,0.85,0.94,0.92,0.89,0.77,0.44,0.83,0.8,0.49,0.95,0.56,0.95,0.91,0.88,0.59,0.9,0.79,0.97,0.81,0.9,0.81
2023,Georgia,Europe,0.3,0.59,0.6,49,19389,46,31,86,65,0.59,0.58,0.67,0.9,0.75,0.79,0.87,0.61,0.63,0.43,0.92,0.48,0.91,0.38,0.68,0.84,0.54,0.67,0.79,0.74,0.75,0.56,0.69,0.73,0.73,0.48
2023,Germany,Europe,0.93,0.84,0.92,3,452055,33,10,12,8,0.13,0.75,0.31,0.91,0.53,0.43,0.79,0.58,0.34,0.65,0.87,0.67,0.95,0.69,0.98,0.91,0.75,0.86,0.91,0.52,0.96,0.71,0.8,0.84,0.78,0.61
2023,Greece,Europe,0.92,0.64,0.69,23,57320,39,22,30,32,0.26,0.26,0.24,0.83,0.2,0.36,0.57,0.49,0.48,0.6,0.72,0.68,0.57,0.55,0.6,0.8,0.97,0.63,0.59,0.44,0.98,0.74,0.64,0.6,0.61,0.35
2023,Hungary,Europe,0.33,0.47,0.63,51,38698,39,49,4,18,0.3,0.78,0.54,0.95,0.54,0.75,0.96,0.57,0.6,0.75,0.57,0.96,0.34,0.42,0.87,0.78,1,0.65,0.5,0.67,1,0.57,0.71,0.69,0.71,0.67
2023,Ireland,Europe,0.36,0.37,0.46,68,56844,38,69,23,37,0.41,0.42,0.4,0.69,0.83,0.51,0.88,0.84,0.43,0.7,0.83,0.87,0.3,0.54,0.46,0.48,0.65,0.73,0.96,0.79,0.69,0.9,0.63,0.83,0.49,0.88
2023,Italy,Europe,0.89,0.86,0.64,12,172048,37,23,10,31,0.15,0.52,0.16,0.75,0.79,0.42,0.62,0.51,0.36,0.64,0.15,0.44,0.93,0.2,0.43,0.43,0.73,0.64,0.54,0.33,0.65,0.61,0.79,0.63,0.48,0.56
2023,Latvia,Europe,0.72,0.35,0.11,71,17054,63,36,31,26,0.88,0.95,0.97,1,0.84,0.99,0.89,0.65,0.98,0.42,0.74,0.47,0.04,0.39,0.64,0.86,0.71,0.75,0.8,0.92,0.54,0.58,0.84,0.5,0.74,0.73
2023,Lithuania,Europe,0.21,0.3,0.4,81,16809,45,61,53,39,0.37,0.64,0.68,0.76,0.38,0.77,0.79,0.85,0.77,0.79,0.42,0.62,0.87,0.38,0.75,0.72,0.88,0.77,0.79,0.71,0.84,0.84,0.89,0.78,0.95,0.76
2023,Luxembourg,Europe,0.98,0.58,0.95,4,8078,39,1,43,17,0.61,0.63,0.91,0.77,0.72,0.92,0.98,0.98,0.94,0.78,0.32,0.57,0.58,0.48,0.32,0.42,0.68,0.81,0.76,0.38,0.87,0.79,0.98,0.77,0.94,0.79
2023,Netherlands,Europe,,,,,,,32,24,9,0.2,0.8,0.26,0.64,0.59,0.45,0.71,0.77,0.33,0.89,0.71,0.7,0.24,0.56,0.8,0.29,0.82,0.71,0.25,0.21,0.79,0.54,0.79,0.8,0.77,0.84
2023,Norway,Europe,0.74,0.79,0.7,22,28479,34,4,42,13,0.27,0.47,0.41,0.98,0.25,0.49,0.59,0.36,0.37,0.69,0.76,0.43,0.88,0.37,0.92,0.93,0.8,0.55,0.72,0.42,0.57,0.3,0.6,0.58,0.51,0.4
2023,Poland,Europe,0.55,0.91,0.66,24,132032,38,53,40,27,0.16,0.39,0.2,0.54,0.28,0.32,0.47,0.48,0.23,0.63,0.62,0.53,0.38,0.73,0.65,0.54,0.6,0.72,0.48,0.18,0.53,0.8,0.67,0.76,0.65,0.5
2023,Portugal,Europe,0.32,0.67,0.5,50,81798,41,51,22,47,0.1,0.98,0.36,0.36,1,0.38,0.74,0.43,0.45,0.22,0.29,1,0.98,0.95,0.48,0.12,0.64,0.79,0.99,0.02,0.56,0.42,0.62,0.99,0.67,1
2023,Romania,Europe,0.35,0.56,0.53,54,64730,46,76,39,41,0.19,0.66,0.19,0.55,0.62,0.37,0.55,0.33,0.26,0.54,0.24,0.9,0.84,0.27,0.79,0.5,0.93,0.99,0.83,0.13,0.61,0.44,0.76,0.86,0.82,0.59
2023,Russia,Europe,,,,,,,24,9,4,0.04,0.34,0.14,0.86,0.41,0.29,0.39,0.38,0.19,0.47,0.46,0.55,0.61,0.7,0.33,0.59,0.51,0.59,0.46,0.61,0.76,0.47,0.81,0.59,0.62,0.47
2023,Serbia,Europe,0.62,0.66,0.73,33,24702,45,63,27,35,0.74,0.36,0.71,0.71,0.58,0.28,0.37,0.29,0.27,0.84,0.38,0.77,0.86,0.79,0.71,0.25,0.56,0.51,0.66,0.91,0.73,0.4,0.65,0.48,0.63,0.9
2023,Slovakia,Europe,0.8,0.9,0.76,7,10857,36,59,51,36,0.49,0.72,0.8,0.73,0.61,0.87,0.96,0.97,0.87,0.85,0.54,0.69,0.54,0.58,0.84,0.57,0.9,0.85,0.75,0.43,0.91,0.88,0.99,0.82,0.97,0.8
2023,Spain,Europe,0.48,1,0.97,2,303854,38,62,45,15,0.75,0.83,0.96,0.99,0.52,0.94,0.99,0.96,0.95,0.46,0.16,0.86,0.97,0.93,0.86,0.46,0.94,0.93,0.82,0.78,0.8,0.6,0.88,0.87,0.98,0.77
2023,Sweden,Europe,0.77,0.82,0.83,13,60152,35,12,20,5,0.18,0.63,0.45,0.67,0.87,0.58,0.81,0.63,0.46,0.53,0.39,0.35,0.54,0.64,0.61,0.32,0.61,0.54,0.69,0.13,0.48,0.26,0.55,0.55,0.29,0.2
2023,Switzerland,Europe,0.96,0.99,0.77,1,69396,37,3,18,6,0.04,0.86,0.21,0.32,0.97,0.25,0.28,0.15,0.24,0.8,0.59,0.96,0.9,0.87,0.66,0.26,0.79,0.82,0.87,0.04,0.89,0.29,0.73,0.96,0.55,0.97
2023,Turkey,Europe,0.76,0.57,0.56,39,253117,34,39,58,68,0.23,0.21,0.13,0.85,0.13,0.33,0.58,0.5,0.21,0.63,0.49,0.46,0.43,0.28,0.49,0.64,0.58,0.71,0.68,0.46,0.6,0.64,0.72,0.79,0.75,0.52
2023,Ukraine,Europe,0.54,0.94,0.67,15,176139,36,70,8,20,0.4,0.22,0.13,0.65,0.19,0.35,0.5,0.54,0.42,0.79,0.55,0.59,0.55,0.34,0.54,0.7,0.67,0.58,0.35,0.83,0.97,0.88,0.61,0.67,0.6,0.46
2023,United Kingdom,Europe,0.42,0.31,0.51,64,514772,38,77,47,34,0.34,0.76,0.95,0.51,0.4,0.69,0.41,0.64,0.68,0.93,0.88,0.13,0.26,0.11,0.34,0.45,0.22,0.29,0.4,0.6,0.38,0.65,0.35,0.41,0.46,0.23
2023,Australia,Asia Pacific,0.45,0.36,0.55,59,196369,39,75,44,29,0.29,0.1,0.38,0.63,0.04,0.24,0.21,0.71,0.04,0.02,0.54,0.02,0.03,0.13,0.28,0.98,0.1,0.68,0.06,0.08,0.02,0.24,0.03,0.07,0.1,0.3
2023,Bangladesh,Asia Pacific,0.68,0.15,0.29,73,157465,15,46,67,67,0.8,0.85,0.76,0.88,0.93,0.71,0.67,0.52,0.38,0.25,0.01,0.6,0.96,0.31,0.05,0.27,0.27,0.96,0.14,0.35,0.86,0.72,0.86,0.95,0.92,0.41
2023,Bhutan,Asia Pacific,,,,,,,89,93,106,0.67,0.7,0.75,0.96,0.85,0.73,0.8,0.73,0.59,0.71,0.2,0.54,0.53,0.6,0.21,0.3,0.46,0.92,0.65,0.58,0.71,0.96,0.88,0.98,0.87,0.7
2023,China,Asia Pacific,0.75,0.24,0.93,34,182848,45,17,85,21,0.28,0.77,0.58,0.7,0.12,0.59,0.49,0.44,0.49,0.83,0.43,0.16,0.28,0.14,0.58,0.34,0.55,0.54,0.34,0.25,0.43,0.38,0.52,0.54,0.34,0.15
2023,Hong Kong,Asia Pacific,0.85,0.54,0.94,20,180067,36,16,54,10,0.46,0.45,0.61,0.46,0.32,0.46,0.63,0.6,0.38,1,0.82,0.34,0.42,0.4,0.15,0.44,0.49,0.23,0.92,0.69,0.66,0.46,0.48,0.35,0.24,0.45
2023,India,Asia Pacific,0.52,0.52,0.34,60,6000967,33,55,66,66,0.45,0.88,0.66,0.66,0.88,0.5,0.53,0.72,0.56,0.99,0.96,0.81,0.46,0.26,0.4,0.28,0.74,0.97,0.78,0.26,0.71,0.63,0.96,0.93,0.96,0.83
2023,Indonesia,Asia Pacific,0.01,0.98,1,6,373411,34,60,25,57,0.14,0.92,0.15,0.25,0.96,0.27,0.14,0.27,0.29,0.1,0.58,0.95,0.51,0.68,0.67,0.22,0.23,0.44,0.54,0.11,0.32,0.03,0.16,0.66,0.12,0.95
2023,Japan,Asia Pacific,0.27,0.92,0.98,5,156230,28,34,1,14,0.02,0.5,0.29,0.08,0.95,0.17,0.26,0.76,0.25,0.38,0.21,0.93,0.39,0.66,0.54,0.2,0.3,0.42,0.24,0.01,0.21,0.12,0.42,0.29,0.11,0.94
2023,Kazakhstan,Asia Pacific,0.14,0.96,0.58,31,85095,40,72,69,87,0.79,0.65,0.62,0.71,0.13,0.53,0.64,0.41,0.28,0.91,0.61,0.31,0.65,0.25,0.42,0.69,0.48,0.46,0.64,0.79,0.67,0.59,0.5,0.46,0.42,0.29
2023,Kyrgyzstan,Asia Pacific,,,,,,,83,75,86,0.03,0.91,0.79,0.12,0.55,0.63,0.38,0.9,0.44,0.94,0.93,0.06,0.08,0.21,0.51,0.67,0.35,0.31,0.07,0.64,0.34,0.21,0.28,0.37,0.23,0.05
2023,Malaysia,Asia Pacific,0.43,0.46,0.33,67,128194,37,52,48,51,0.21,0.79,0.63,0.33,0.56,0.46,0.19,0.25,0.46,0.92,0.68,0.25,0.13,0.23,0.71,0.89,0.25,0.49,0.58,0.31,0.15,0.97,0.54,0.52,0.64,0.38
2023,Myanmar,Asia Pacific,0.39,0.17,0.19,84,33030,42,71,63,92,0.42,0.06,0.05,0.56,0.17,0.3,0.42,0.54,0.57,0.73,0.84,0.46,0.56,0.16,0.62,0.85,0.72,0.61,0.49,0.8,0.7,0.98,0.66,0.64,0.7,0.63
2023,Nepal,Asia Pacific,0.12,0.34,0.49,80,64092,22,73,52,53,0.44,0.82,0.71,0.28,0.42,0.56,0.48,0.35,0.65,0.86,0.88,0.12,0.35,0.29,0.39,0.73,0.38,0.26,0.84,0.49,0.36,0.5,0.37,0.32,0.31,0.16
2023,New Zealand,Asia Pacific,0.51,0.42,0.52,56,28861,43,82,36,23,0.66,0.84,0.65,0.43,0.5,0.54,0.32,0.34,0.78,0.82,0.75,0.13,0.22,0.1,0.38,0.37,0.33,0.11,0.12,0.09,0.25,0.1,0.14,1,0.84,0.71
2023,Pakistan,Asia Pacific,0.22,0.1,0.08,92,642562,16,54,55,76,0.52,0.54,0.33,0.48,0.91,0.34,0.51,0.53,0.1,0.52,0.25,0.51,0.18,0.41,0.18,0.17,0.47,0.7,0.74,0.07,0.45,0.32,0.85,0.71,0.71,0.68
2023,Philippines,Asia Pacific,,,,,,,48,77,60,0.54,0.57,0.85,0.92,0.49,0.66,0.92,0.68,0.61,0.96,0.96,0.56,0.74,0.59,0.79,0.82,0.66,0.84,0.71,0.77,0.93,0.77,0.82,0.79,0.81,0.66
2023,Republic of Korea,Asia Pacific,,,,,,,56,68,45,0.22,0.59,0.52,0.21,0.29,0.76,0.29,0.59,0.69,0.97,0.97,0.38,0.38,0.46,0.73,0.88,0.4,0.53,0.53,0.21,0.41,0.49,0.63,0.57,0.54,0.24
2023,Singapore,Asia Pacific,0.79,0.77,0.79,16,256280,35,28,5,16,0.57,0.89,0.38,0.63,0.33,0.47,0.72,0.67,0.5,0.88,0.52,0.85,0.44,0.77,0.25,0.39,0.54,0.89,0.96,0.41,0.83,0.46,0.83,0.88,0.79,0.74
2023,Sri Lanka,Asia Pacific,0.18,0.51,0.28,79,86653,25,64,17,54,0.09,0.32,0.5,0.45,0.16,0.29,0.45,0.32,0.17,0.96,0.51,0.3,0.62,0.21,0.22,0.29,0.32,0.5,0.56,0.39,0.63,0.19,0.57,0.51,0.36,0.36
2023,Taiwan,Asia Pacific,0.57,0.48,0.78,40,127933,38,41,33,19,0.06,0.13,0.03,0.13,0.9,0.05,0.05,0.03,0.02,0.18,0.21,0.88,0.13,0.12,0.02,0.04,0.18,0.21,0.04,0.04,0.18,0.01,0.26,0.28,0.04,0.96
2023,Thailand,Asia Pacific,0.34,0.25,0.22,83,116927,34,88,65,58,0.11,0.99,1,0.35,0.31,0.98,0.43,0.66,0.99,0.74,0.99,0.49,0.71,0.71,0.57,0.38,0.89,0.74,0.63,0.66,0.81,0.36,0.56,0.71,0.54,0.43
2023,Uzbekistan,Asia Pacific,0.05,0.53,0.17,89,22465,28,105,102,99,0.06,0.13,0.03,0.13,0.9,0.05,0.05,0.03,0.02,0.18,0.21,0.88,0.13,0.12,0.02,0.04,0.18,0.21,0.04,0.04,0.18,0.01,0.26,0.28,0.04,0.96
2023,Vietnam,Asia Pacific,0.37,0.62,0.47,55,379284,29,14,13,42,0.11,0.99,1,0.35,0.31,0.98,0.43,0.66,0.99,0.74,0.99,0.49,0.71,0.71,0.57,0.38,0.89,0.74,0.63,0.66,0.81,0.36,0.56,0.71,0.54,0.43